bust_circumference,waist_circumference,hip_circumference
949.6165140375726,831.8442113912049,972.4865400099862
855.1774768281576,741.4010784668147,891.9764402901451
931.2866565944654,816.6202601106318,981.6616660117999
858.0843845922084,728.2107774776218,902.2908254434085
892.51985355333,771.9334757853765,944.5285556611339
856.0749241309845,729.9453701762778,914.7870871839411
956.6533505534942,844.3240825243347,981.940229969023
922.7801246809571,811.6389721644844,961.3556174919433
811.0779563935458,685.1178876146698,897.1467681008385
823.9174080042278,702.5272017119227,895.0834193152859
935.8875894699692,821.5925119619598,979.9953135043053
958.2326946180049,870.6123053156026,1021.1443103144883
787.5901401729114,669.4921189007175,856.2062885375738
914.3161285974332,805.9695280266085,970.5348167118985
794.9080459286089,663.9555275429508,857.0809469941967
808.3946191598868,681.908317968845,870.6115884486748
775.1263813737852,655.7844712667949,850.9718390805682
792.2975734408558,651.5270719457809,886.9695927748747
855.3331431983512,636.7054668878842,862.5644551622673
1028.332281617972,907.4803011144803,1080.4095150238963
802.5680807629046,679.1267847744548,866.0286524300901
766.7560545694713,648.9508517504393,841.7283998147785
987.4105328178784,910.9650315906721,1044.8673795743964
866.7298841321689,703.077383418741,887.4310784988858
828.2339817211358,694.4506469777538,911.3845838796133
865.566750125426,734.0208053302964,958.6781371182145
839.779022988744,706.770204443553,926.7496163092117
828.3813029483746,688.1562738903606,922.1825967004312
902.520000829493,779.0694499348804,977.0386393873799
812.9305064851216,675.3753409415218,902.9405465317112
777.6160324413978,645.8080419624596,877.7859759575846
814.3414976188966,682.2052028712664,897.8056235847903
863.322157534223,728.401753182105,960.7355749280314
880.9086492655975,752.6123937074914,971.1045508860177
869.9956929240714,741.2898033913515,950.0034343542748
826.4172413302945,694.1498022942259,917.1318799506353
954.7627227554458,838.0200895914548,1010.8768149789574
843.0813145201531,719.4445039333419,909.1623490446007
854.3392701864075,730.9697136783697,923.3667619754798
877.851503114779,766.6477519920237,945.409385260934
873.2389105723536,759.3032725122307,945.932243853224
767.5440272249023,640.3201395058039,827.4947422389951
1064.8747493374904,981.9466900137924,1110.8214345632314
791.4093209014112,671.1846984663242,855.2415274801247
857.1750940648635,734.8457068102184,918.7711395654196
839.2665856604191,714.3446007400802,925.2997295034817
724.7835187321239,627.108743194568,803.4641867630551
877.7985022510645,762.2625434982864,918.461301535626
919.8142218174718,810.9996043647886,929.288327754834
813.8903231230304,696.6195798731371,871.4258054369899
1013.9839307935938,913.9135368575191,954.4556149029648
1036.081984516514,931.1854781126602,1010.4334296572789
921.1653779719359,828.8793300072005,875.590579808461
941.9590684256601,817.7918454399963,984.2887890400193
890.0740643018278,780.5038700282959,929.4099353197554
827.6552282534365,717.2241373141821,911.0341589715855
846.7310740926137,728.7131838161755,905.5277173260384
914.2273881453925,801.2157375011186,945.9991880359618
820.138945312368,698.3106951590058,872.3000571625215
934.8995670653446,844.7889370834604,908.8256154674732
914.2273881453925,801.2157375011186,956.6112554200829
903.7181436325924,804.5993445537968,915.4312359669294
979.2544580820579,866.6349408688523,1015.2443220444038
850.2766239533856,709.7721758319755,935.5317841627581
952.2056576291435,842.6131010940558,961.5061997825554
829.7767935308053,720.1616971158946,910.2777559291554
899.521862833395,795.1700190750461,929.9819161880109
846.4362134600386,721.3635110893234,925.2373034068463
919.2167917693063,813.7177606391863,926.0772965696314
901.7193342569336,791.233267008675,979.525946926602
794.1510738903044,674.0132651847969,869.4611686871575
858.0808248801429,747.7292604497478,913.2436040808005
796.3625114860495,685.7201883469298,843.087394903255
902.0761229768659,787.5640555609081,946.0771433796056
835.8640699106658,725.2507309266113,846.9874386915703
866.1951593162065,764.7725244965812,913.9180379387307
852.2861611722856,734.0913604878187,914.3313393833756
862.9174886979787,766.5495014273512,902.0243926824492
878.0733848344187,763.8941143540346,944.2566330953003
901.854805183331,789.3613682393453,952.2973239094895
964.4543810689329,876.9614633116252,957.6722706661589
923.8190367399652,816.8520168057156,954.4032083907665
862.0083516240423,734.5587583721193,901.1183892221164
985.260451553221,892.2128645318883,980.6776496989185
956.5153473631312,873.7243013637964,944.4335378829148
859.5772205190597,781.8610627107353,855.5483054577761
991.675679601546,859.3865606004232,1025.0317419643056
936.2797259494307,834.5379130703915,926.8919105460006
957.704084359154,856.2984203060722,941.5837974721459
922.3960637359594,821.2489518376527,938.49009559177
873.4138256705522,764.2420928521967,935.1304481260967
1053.681481108261,980.1401503364541,1115.389233055036
941.6588175885414,829.509386363888,976.3483875401421
949.4931900792302,875.0473764121322,929.2790415497171
892.9095773939154,795.7323255344859,928.86478384631
932.7941419372545,838.8218259240516,926.2138082392717
822.5460277340553,707.9613036152858,897.7656976977619
826.9093502643849,702.6173159627709,895.0834193152859
813.367176208662,687.1186047750616,883.1246634814628
830.845175212671,703.9614017200807,913.0160718405332
950.8649789456567,857.5592043178314,953.4609609877011
949.9720225352263,863.7254569927047,961.1911206552886
1028.9473723584504,973.5510912849834,1015.0857473481569
966.2959563387888,905.7591306696888,946.1111502795733
765.9103827903284,642.9040045705486,839.3865787496211
871.9855711089765,745.2182136864978,945.7376785916846
849.7527936285541,706.7754476665864,908.7712247317446
895.766801209085,785.9147051312373,937.4176186341388
921.9119378911604,814.2323829254706,939.0079458361207
878.6531167559276,766.5495014273512,914.3740313598246
1012.2683953067138,913.8018761426246,998.411326844848
876.1520635138426,777.0012537859072,899.0032210648259
874.9062941592315,733.6560729160766,979.2675740475453
777.6160324413978,645.8080419624596,873.46459459812
839.0532871730418,741.1336852156791,889.4303385842725
911.1378233333523,800.8835508889939,949.8082066187555
914.8695538232031,789.0322735394108,922.3944258127874
848.8940019391728,755.7738023494222,913.9180379387307
898.140093405533,790.3400782039732,916.0724007324933
846.1094706179682,754.0275482359932,862.3474803759283
778.6019652281958,665.9057951421876,827.4759038577388
931.409120431408,834.0305414839845,913.851578235558
990.4571993475797,924.5292964718269,972.2352310478407
956.3568214350796,854.2167890181387,955.2866969998
833.351563034501,722.062560942278,895.0509162152816
974.813908006903,868.0457469400052,993.5446780500139
898.224683262508,781.603910306996,904.3128644510091
1033.4684703875816,931.1854781126602,1017.3722734887282
860.6060895871066,768.3598648902364,860.4151372325344
973.1649578767647,896.8607967476203,955.3243282618542
914.0848146483312,824.0593189407947,930.0682638799104
826.3661256840935,714.8198254805008,909.3633076924577
860.1831997742569,741.1998560904121,933.7335751530651
774.9270361851459,650.0888304682964,864.6555854939489
999.2240491376282,903.3439960988037,1005.9684658547644
950.6726973523946,866.731353112781,937.0750496504089
853.7343932665144,749.9876062523857,922.615481053366
761.8661746466912,645.1173053645517,840.3047072132273
854.1396235092947,747.4222968086063,894.3018321462464
834.2793360222158,726.6052844679671,903.4373971348643
914.5382824307624,820.8102541940551,930.0682638799104
1026.2364734830633,945.4795633798943,974.7270867271494
1036.8728138112645,962.9610253752035,988.9299837905234
820.7635051415366,693.6121381354432,913.4189753996283
958.8667381399137,867.1962929263287,972.9845289310076
995.5458991112813,907.0291190760856,970.8065813170482
848.5351608789317,730.8434234280435,879.0708400131028
868.6500904348105,758.9494038823565,880.7203198815993
816.4425769353855,704.2587298936514,880.639884043224
790.241809387662,667.7871760135771,864.1724347019378
830.5313361881065,724.0014195980813,911.6859768921477
833.4693506140701,731.2444622827371,905.697879888658
820.5273944951105,710.8691679975026,900.8674706957685
992.7271100572069,914.6839145326117,979.433630739704
906.6318301382336,777.3660388780241,944.5192929942459
970.489143863143,858.8377248678291,997.4449511019003
856.3794498126356,718.3131955129539,936.1022935851684
875.4269853713329,798.238516053434,857.5442553223869
798.8635630318123,663.147042160176,889.6978644249774
1056.0864082068763,980.7267762635066,1043.8097161161422
922.9321168852224,813.7570248859925,897.7477386275652
981.3420993242821,882.1011210251562,941.0296399759278
1115.4036407000583,1060.5647109267707,1091.12918510294
890.7385684780978,796.9077659769318,865.628612267329
997.5513472820986,880.652678807989,1021.4450061522002
855.0691365587908,746.7671263579377,877.635115890658
948.3861769386448,863.63283150749,938.7764376184655
979.2860033893248,897.8396190243631,986.6943016844656
861.1912293608997,760.23906557736,858.5940796938896
825.2266823788117,692.3699841987352,873.9633357524561
997.8043733133968,903.504047161634,1044.6001928565152
902.7145284613713,794.3446734838661,939.0113935598876
948.7865662093395,829.2679967334794,972.4865400099862
931.6703101777495,804.3082521384938,972.2277075927968
836.3727590781828,707.2502368539448,880.4114786908497
977.5400882805393,927.5478311647064,963.2258466985714
896.7828359347983,755.9551997811126,948.0438565184543
991.8913524261691,957.7016547158333,972.6120845702809
895.9973939578057,770.644333805869,956.3742729658235
963.1026811911987,869.8392855226057,1030.2843766709916
850.2197233050101,751.5379565645203,837.5727037496664
972.1057196001183,871.9200068890191,1032.7015054121807
928.6912751378782,854.1779395161716,917.0105316695316
941.7984034785107,850.1640569067631,962.5668663790713
819.6307405864418,690.4387112958347,879.8990638166667
1092.2813522156364,1025.116964119574,1071.5382694805805
931.5515523296397,820.412207328391,947.7564986162031
920.4137187833855,791.7351899529365,949.6607901969776
884.7491555096333,769.787605258778,939.797938665261
997.6736515062049,901.3522423590546,988.2660336135933
973.3833019635169,907.7032776713811,963.3467542247514
932.0924432696919,835.8667974039993,923.9691849837127
990.8189260515111,919.0992651199758,973.8748910975661
810.4245806821214,696.6195798731371,868.8505930194094
831.3795930082233,697.0914164981757,932.7429230175867
1026.6850410624252,907.4884004921473,1070.9352239091543
827.8713835514703,714.1143308015551,896.9776893799041
948.8851685655487,867.1598894475582,927.191073998086
921.1441374212567,808.6872286759842,961.458142497103
750.7544975071289,625.5915572228087,856.8179847793637
885.3284590192761,749.2272035175057,988.8917389557208
899.4771660983015,773.7038382653382,972.9086905337239
864.586852123039,749.038987793983,928.7066278548182
978.6087159901217,855.8318349616799,1031.3551475420754
932.858212640892,821.8343239414323,951.2285716313274
899.9349436582183,785.3005889141648,948.1988141607661
872.9501389442357,743.5024395000897,935.7378763275614
1040.2781611643918,946.6610755086369,1093.5131788617375
896.410251881754,783.8608359515763,955.9941139658356
783.1932616222059,646.2708495811239,885.883834617614
833.7025602697155,705.835858478417,923.8632071289392
788.1382326274152,667.3687617356146,843.6580126491834
796.8271510326283,664.7007930555588,894.9080756857288
912.6526821759542,800.7582669379369,971.4474324625251
829.3240527132641,711.5575036549255,917.4906921053854
952.2056576291435,860.1410912683149,967.3873411919016
863.8563196267078,751.335132972433,924.6242236714048
805.0472172787064,673.1248613778357,889.1293375725064
859.1251567898851,731.8515115442214,937.1135311321158
913.088215764919,777.6568502962573,1002.6953024947014
909.8796737064401,805.4317435391849,961.862755561771
910.8378122427523,803.5057379713047,921.4525518086358
973.6931685629185,892.2775426876299,992.8824442708507
800.7389383155154,681.5029163148071,863.6976591825145
816.4097556356487,694.8365922805755,895.1949728675428
997.0058917574256,906.0876435293624,1029.5878007641381
952.9290749658221,843.6903711008775,980.5884215316898
965.2830870217844,859.8530509170214,1002.6800763865382
1059.2954267915009,1000.9800681006521,1040.9919054904994
888.1973877075069,761.9874990410837,921.9689746368612
1006.1583059307267,923.3506984342121,1039.6758573812156
839.1650654859425,704.8287700392424,898.0813538932459
908.4851298276864,812.5330270227666,919.6252138104971
937.6957411327219,852.0535138509898,945.1199101462414
1027.723385192835,938.6040642780298,1016.625610361181
875.4957482559383,759.6424489190229,892.6626054083071
1219.2480783388414,1154.7129624164356,1221.3939232940604
1000.9516611207899,925.5081974950718,986.9820583907139
899.7086965757143,810.8930327705438,889.2908232072713
852.4492112561595,724.9901356689664,914.4725242481683
1040.7968732046306,961.0842612851696,1058.3566845819437
790.7126915405653,662.9680826231485,852.9656899281161
819.0331689245388,680.8092152865715,908.494816557529
775.3043521249544,641.0922939211736,874.3727070887239
846.2443771696843,733.2136477106416,932.8633395785572
931.4447167792661,804.5623187217644,995.7927954059234
820.7635051415366,696.6624537118126,917.5972669932133
895.5582016595611,778.1435117054368,933.5068398553592
803.6834002502802,672.9595717371444,893.2315787562377
833.7025602697155,705.8717278858159,923.8632071289392
928.2720386557289,797.7677226423275,984.9487227510001
836.9282013702241,706.9589507488024,930.5622965376836
732.7564055138035,618.2941630109553,826.9774144427204
986.6377303561413,877.7733747101308,1060.9225013142916
797.2485750597425,662.3521681307989,900.423245829393
835.8873061185567,704.252943744763,927.1906215732506
810.4220940298259,674.345194367633,902.9405465317112
851.8716882708774,711.2738251707059,951.5476064169137
1078.1142534154703,1032.8597187745868,1113.8383605049066
920.780816780948,809.0764989148945,949.8382849419846
1049.3607309459317,977.783217610825,1098.929822784989
877.4970792147666,759.393386763079,950.1380874832603
946.4319158553079,853.4202645881908,1004.0028026733935
903.366674901056,780.571139433403,949.0412718939453
891.9954248610711,779.7843202423421,936.5501728958188
912.3981587870408,795.5035029457264,949.2582900469649
919.2984091475038,818.4004473717822,934.4051376989183
957.5810133118229,838.7323242763078,987.2893791460515
956.4052176567171,833.9678062077437,1011.5600034754066
887.2909435598717,759.5317347925557,919.4292888128768
828.6942425121722,703.1361904736357,894.3038529469288
776.2474891224058,651.5580440953665,852.7209516564518
884.2426062458044,749.7217224945193,966.6583525487985
782.764098903453,650.3969800551904,876.4376657683616
817.9187109236597,682.5534321051631,919.7630527224354
759.1911669292462,633.0712141817077,839.7524723763228
911.5270435082325,796.0724132156596,974.047647349145
968.3268170157838,873.0866952956841,941.4070360840226
776.968617475937,648.1021011609599,862.3378967072445
835.1077004987586,711.8948435522035,923.936463239404
1023.1906714014983,926.2899443309663,1046.0788011090274
963.392964729434,857.3972866684934,991.8390773072115
955.5347202496026,840.0051489261746,974.7819393978041
887.0130185724541,763.8730564026299,952.3796623351236
990.1356728162193,899.474932767112,1009.0611337651209
941.6690320708428,864.7444173466415,916.3753119336833
984.4928915578117,887.354822841606,1013.3774889995292
1030.9059055810112,940.8372209701553,1019.992193349097
877.6665313577025,746.2749003531455,928.0635874575137
882.8292048364498,759.8381092877321,943.278125440323
820.80006481249,707.4295618484032,855.0039812755009
900.3754607271073,797.6737672653152,903.6044608429783
774.5761898826901,645.6565986648222,889.593908483931
890.6143261311433,752.7603066615312,962.9615761800222
846.4362134600386,715.9811675794386,932.211292121333
929.0078908001088,801.0438968842767,988.9980094890375
800.8851451866663,673.9015980306202,903.8302896761602
878.7030805459054,741.2638948120604,962.4997218730183
836.6910763671027,704.4917469587066,938.0948590630644
802.2206507256334,675.567889053352,897.2279287750188
718.3186924790928,604.028362373353,839.9150007381135
768.7423335848653,636.1041727794951,859.758509465177
778.7717774700304,646.8835679199591,859.4176665661074
789.578206816588,661.3431894066716,868.9174171531465
825.1084778826815,703.3200535691063,900.0752272583234
893.8440603079268,759.589487103643,986.297983767602
833.351563034501,716.9519396013991,900.6509089313461
913.5230535314466,808.7356293886796,923.4758436194088
991.8120598465133,900.5058849253779,1002.4232512989378
885.7994295662879,773.9589026646206,916.5137425767374
960.5225026711597,860.9248727713066,973.451186424617
955.4753987397004,829.1763197062822,985.3566865177014
903.5383776282231,794.0213910473282,941.0276813085528
924.2629199207557,811.9735380211238,957.1561420321038
772.4303222062579,648.8460261059943,845.3643470110154
895.1418905967593,788.6766139385753,908.9287755143893
788.865491120517,683.1198865549052,861.5303678689586
1010.1972312517456,920.8817453863659,1017.8077392845837
953.7967443241762,860.6140210786808,954.6141856998395
906.848332453216,808.397846130475,900.2974077192977
784.512153183851,650.0631160942052,875.2428102797619
782.8847215652987,656.2387324811558,864.2165612634255
891.5284549502371,750.2953631889413,965.8993647941942
882.4423756554529,781.0370025855983,883.4901384375257
1051.536196626767,974.2798505020698,1049.1499767448277
902.0072501663255,794.0213910473282,941.4272244641672
856.5236598793665,718.3131955129539,934.8490263701962
798.8635630318123,663.147042160176,888.5086412760534
835.4603168454514,710.5018633420401,918.9437703004925
807.3019599691971,683.4635826806705,903.7607140954316
830.5362129323887,711.154150056414,871.0763180217231
796.688428720698,664.7007930555588,904.742516311646
875.8198634503051,767.7897707879606,957.9186901050075
856.5236598793665,720.8883857013627,942.4816757725126
823.5476064304819,696.6148601281136,916.6577414081305
761.9005751844164,630.1815408940766,846.1342833859578
906.5779394827778,788.6642799623096,969.7380820661008
932.7172753384001,846.863344827673,925.2619331866542
844.9754573219528,746.7671263579377,870.3719120251152
813.0991364602577,674.1488284475992,857.246255723933
920.2008647330991,787.2100857665334,958.1206823800077
975.2000206373925,892.2289239910211,974.0996318766654
933.2639181457986,823.2173081908549,967.2637264022261
896.2650394801325,788.273681691651,939.8452733802955
975.0281917773797,872.0344835632109,1028.2310410272469
1003.133946653366,911.9340691211445,1033.2582330263874
921.4815687364195,815.4693642876459,969.7637254470989
904.7427610223567,799.5082224168214,980.2492242600557
981.6306038396622,887.4871629331608,1032.497693131345
815.8413454413665,682.7533798743485,853.068410293431
968.3811249180295,880.3618725815631,946.3095856692727
923.5403329396568,811.4983287655879,957.4447383328081
907.0463723387146,799.5902206681985,908.86435662278
896.2650394801325,782.8338401523852,941.2819989728309
939.1084988326332,839.3842146270584,974.4437211021818
969.4898668891954,858.0419999178274,991.4969540676176
911.7530909470624,814.6499722613817,910.3769604764303
800.8126574764035,663.147042160176,893.995849050243
888.4127502081786,777.3660388780241,950.5878898918961
875.6789993795298,756.8609941166089,956.380175560402
800.2715562810422,667.1198205181146,886.708423927153
786.3936975032306,657.2977611556523,882.526855998789
800.3389594539694,677.3708487117416,878.8366829806214
838.570513728131,701.7321695059983,931.0939274339372
784.9105608183553,657.855438842071,880.9021389051904
901.7919026000372,783.7125351251962,916.989821549435
904.2110897729449,790.8220029739202,949.7522513170412
881.6662921007492,753.9893769019379,925.2054898878046
910.8564768680284,788.2003455903238,946.4986308926517
938.4560986635998,824.5491702786971,968.3903982753071
975.8203952554042,873.5985259000742,1007.163454309362
956.8085806635273,825.8246761222365,1013.6523495622409
938.8796566077735,844.0596285954022,919.1496282795878
833.020492280059,714.7133611329859,876.2013427409396
898.2884750260047,783.8608359515763,956.9380319321428
837.7211266157437,716.8022694182889,915.6700171443105
790.416055902588,663.1556402968639,885.918167966434
890.9814241287058,769.9956950280535,965.8993647941942
909.3290916872809,792.9581214536446,973.6735578103732
842.8078566152332,729.8246377404739,925.2655051583953
826.0140190819748,706.2997481452361,908.5470179884273
1077.775631290972,989.9887197639881,1092.7059739313977
823.2122073052398,704.3813797435374,857.2941009574388
953.1765625580865,841.8683182758067,979.9716227825996
903.3707014996307,805.0710437417596,904.1693139056766
865.0942178986985,742.3185040849888,912.8250005668424
958.4635137121446,882.6134666507953,945.7676683726019
923.2209806914705,810.0603261889321,940.7421494722391
982.2356712678989,887.354822841606,1006.6207136342645
812.0170117360161,694.7467138698001,850.9687417813576
854.5389587580945,714.0750764575267,931.2741052734715
777.8066914797741,639.2783774534605,867.6021486489811
860.2405423784074,723.403079190623,951.3638210697418
894.1021231408391,766.5507966583676,994.6359416441296
795.8953007119576,656.3152850510374,872.3406883089663
773.960730991478,645.9781743533684,878.3191805578653
835.0514525094843,705.8717278858159,922.7045941403082
793.1750589189287,655.6860898510746,880.8553107602837
878.1068621664189,745.1805726723924,960.4024749255526
786.4523839988984,664.7545661417322,864.025235418144
1038.1408746954837,961.2467861572974,1073.0412715391424
819.5477376742066,690.2548345544402,884.3172546721257
924.5060086576304,799.7357812453494,993.4917353971027
807.3122052137983,685.267271755107,866.2649981653577
853.7028149577419,721.5969734784077,931.1972953765047
840.6807004733556,718.3567271056176,910.6513377718903
782.4934088962598,658.265924245096,871.3367791424998
838.686163262733,708.2621334846172,911.1847930450731
776.8533462551521,651.370016989773,849.3694092298251
820.1842967051447,685.0718690587127,910.6779491062442
895.5704019517531,782.0930010599491,962.2105172098283
755.5715589505471,626.7344934836789,854.2355573781645
913.8254776475607,805.2570343037933,966.977956523563
843.0813145201531,718.2254204061052,911.3265525184913
791.1755413712359,661.2191593172348,853.7545133206831
763.2188151706262,630.0866329627075,831.0455923366438
774.5314937048909,645.0754429823589,844.8010010252954
1082.301344172666,1017.6775548313651,1114.9850044580317
904.7427610223567,799.5082224168214,980.6071715520015
904.7427610223567,799.5082224168214,980.2492242600557
774.5314937048909,639.5426991163234,832.7528516797887
884.6068010712154,757.4212944972144,940.1324408730804
750.3525961349652,637.7868024069658,835.489017791215
797.0885209025453,668.0407470707811,896.3206258058772
886.9536888046337,759.8022398803332,936.1929815493513
921.5428094102546,791.3226606572788,962.5511332219329
877.6456559669282,745.1192035832556,915.4877321426496
988.8218206319298,885.9358945845808,1029.7955960793568
886.2420469628325,748.4986276092872,919.4379880559126
819.6665162230162,693.8116309099765,878.3975807919103
933.1242320944227,808.8208253264977,991.2751683219869
953.0735020356003,843.3587649494259,978.2616946814859
809.3404855078469,677.8916210684731,853.3261691890076
925.1322692043117,792.3974955912715,980.3475623005756
880.516504753202,749.7111703325371,925.0278477606498
910.4618976277789,801.7034204574265,968.4093492648658
908.7746252519572,793.705280667987,946.9678361218487
965.7109250662276,859.2193394935642,999.777203310962
897.8301100265793,761.9868657637976,947.7617585796066
869.523222966923,735.1074390169397,920.9668823065593
840.6129292423508,710.3269871331834,932.4546051136398
834.2058720031778,710.5831862395551,918.6530915062264
868.2265960377107,738.7976137535319,960.2761142278569
779.228796636725,646.8835679199591,859.4176665661074
819.8668199566001,693.6121381354432,915.958363285533
813.4450768445814,687.7862760332753,909.1973761147478
931.6661020671813,806.8405236147393,976.7274560973165
808.7126089438096,673.9015980306202,903.7607140954316
779.0141168674626,646.2881846932469,863.7602503556527
780.9855354182091,647.8252068367278,873.8532081300765
861.7120210867886,729.888531590609,949.8066560141032
851.8627480491634,745.7859506400198,919.6441318897465
827.4089123000064,694.2021755282491,917.8405799855201
872.1692453439631,762.0400762065543,945.8089670726582
781.9593483019771,651.6683696221285,874.5227085246171
849.5957697291414,717.9143383901693,938.7323608992992
811.3383404583614,701.706040470237,891.1365032471773
971.9129036628376,863.0492783129431,1023.9154201668199
810.4084497342809,689.3805413868109,904.9170602531354
826.7374030141492,695.4045613041084,918.7502711315981
832.6170582591583,717.2241373141821,914.7443824357229
953.6290853736942,845.292610930118,1011.6780840866091
860.0642402376167,746.7490384228254,927.9997242074057
810.4501654410793,684.9810404320801,904.576474575959
845.3953182083712,713.2751605753992,927.1906215732506
875.8729903563492,755.4989183272845,916.5373254061567
1047.8925028238116,967.8395438951197,1057.9617168379225
881.7803082394106,757.2907496391751,931.3645631747352
906.328122980953,804.5356135082508,937.5469399400998
967.9627600112605,890.962623910215,961.3900200731575
811.4108281686241,681.3939620254721,901.196093328112
868.5895152403402,758.8654075842395,943.6173779393116
769.5486534411168,645.9003995983073,854.8764382691176
1006.3461917854693,905.2341808264994,1015.8559791891236
829.3240527132641,709.9706764430039,915.3815802061318
797.1776300030745,668.3065115390751,877.733492665649
841.7680867304765,719.405241830112,937.896031594229
829.7767935308053,719.7902564163152,904.0665246301232
936.8214636801763,829.6297702056831,993.9774831214773
791.9898636680599,661.0267781693145,872.9707734369205
944.0069642891809,837.9045865873144,986.2758394113009
850.4918959583057,738.9542082337636,933.6408489654228
950.6088827130964,830.5097661548537,1015.7713507955648
886.3531482109478,768.9963429994054,960.0469729884873
778.5073378242407,647.8670017797667,873.2560818279921
836.1040038955504,704.4917469587066,933.3069373669939
837.0006890804868,704.4917469587066,932.1235875437065
840.972874092898,726.8460820148446,913.9116689389616
888.8345221140403,781.122760740989,945.2126405672062
943.9561267391281,831.5811511216701,992.240947371013
738.5510310508263,642.1821427440906,817.028568560201
1006.3461917854693,914.6228748618136,1035.9355640226718
922.3801014497552,823.1887073668345,919.6282232136897
870.0739009962161,777.5884287088135,873.4034561464485
920.780816780948,807.7517650601692,952.9923295904537
961.9728958810922,884.3368796367604,951.5531410952515
1019.8905600636274,956.5006039399465,1011.7707554202693
968.1102339955286,876.068440897708,967.1356523097597
908.5251088484217,812.3925995983487,925.5554028357809
940.0573919647444,847.386109368239,943.39194279945
976.9430814960979,892.706313576345,977.3386453559426
1009.894785884226,942.8622434072349,991.4230177881999
1073.2538288637736,1003.6899514779701,1049.9060877762245
801.8601898874721,678.514238661029,889.3851025355715
1005.258402178979,901.5055954214082,1007.9959916632172
877.5859719938844,767.4061795917067,944.7437866599367
823.232255813261,707.9854647072438,903.8892421501093
961.667347977687,851.3953087961125,1015.2939792226332
821.0116436024589,699.4193433270609,906.7237462715425
870.3588030697985,768.432047608699,932.2148001351035
834.3294627966828,721.0960430810306,913.8882181862517
779.3460247878193,658.2473410968321,859.1381833524093
819.6700704654376,686.6586962706343,916.9460593120774
822.2232352855817,707.1458682476347,895.992729700439
825.4086602212404,702.0602885022829,918.7502711315981
811.3383404583614,681.7382705978022,892.2831401915811
878.105773850762,770.924744058105,960.4888684554302
851.1118022350901,751.335132972433,923.1189767990959
926.7964269303195,813.9379440998716,946.0488378882341
888.7565649004636,765.9392665129737,991.4496681978608
850.6898588000928,719.9429786358379,911.9147023940614
789.5682313434771,661.4495118249457,851.4440581164004
814.8882322549484,697.4047729860747,881.9857841109334
935.7555516317454,827.1204362888428,977.4551980361897
1027.9058536897548,937.8195308747049,1045.7695831028655
805.0493161513359,676.5358784826075,884.6598889438852
823.375677935361,694.777541398013,909.2470376624983
796.8271510326283,666.7537014879202,896.4857804765234
828.3813029483746,688.5551310131452,919.4754011967461
773.6014026078866,639.0134016703257,866.8861848809862
812.4348873338558,675.3753409415218,902.9405465317112
807.9191172100777,674.345194367633,898.3872221104664
897.095230412937,768.3708639823946,974.4476643369321
972.6017807009134,843.8571937884761,1027.8346688512843
1048.908676142912,936.6007068338477,1086.670279725261
893.0702578263525,755.7796557315081,988.794865309855
804.7271025000344,674.2627777056091,906.2506455217119
821.7378916521594,683.0034930311782,919.4754011967461
790.9846863342076,655.6860898510746,878.8593608956729
802.2793020417072,673.7399469307396,900.423245829393
912.7293022983249,778.0147649001742,995.7149084934539
960.1678427471272,829.706145869681,1044.6461673549984
866.1978325577654,737.9995130053243,919.2369749606604
876.5368661788704,765.2849062067605,941.7849238149524
825.5305251410366,704.4062367330988,885.1034549566314
912.3272690870504,796.0368215482301,993.7836348817176
794.4314285955114,670.9714550812163,862.0092778096349
821.3599232016367,696.8250644192455,893.9711767231621
962.9276701551643,891.7182720050705,995.1175763600179
877.930671760243,759.4084320497474,941.7241647009411
871.3636133232169,745.0883107373085,915.6713020411815
1002.1737994579064,918.7864813584479,1036.9440098597813
839.7599531548368,709.894855347715,904.1713544262801
831.1913808235553,704.3098955283776,893.4464645795574
834.0167912968216,706.5695539190104,912.41339226917
835.3458847574427,705.6877044786855,897.1430809411104
779.3740808937062,644.2560314397266,885.883834617614
749.8098011619452,625.0666269349296,855.1157428167328
807.1807241031145,677.5465580252716,910.1919011291586
951.2939828684853,838.467228529552,1019.1526796567487
919.7907572416042,809.5969073005784,961.0916642969713
801.6948893936338,686.0057337762842,867.7590174411157
881.005993173453,736.7868635669303,965.7630334835646
828.9237793263861,694.1487766734109,934.0017217472393
857.6194699804124,723.0393529393741,943.5954435218342
1079.965925498012,972.2309191304861,1099.7947438953133
884.1282984743334,750.8834891546444,988.7018531427674
759.7336108424662,652.5329384786295,847.6095619198992
831.9953209350609,717.8072491004558,919.3249075945581
869.6128089964968,759.9540121865499,943.5426442271352
958.2913087114176,851.5048124953668,984.6475580579581
905.6464074511312,781.0321454090149,945.3943459297822
897.8301100265793,761.9868657637976,953.8233722911249
869.8903209644855,746.2072511900747,917.7239497048922
1008.2316059261287,908.4415443683102,1013.8450025803686
814.3867028552669,688.7696769012072,860.6548474544765
838.5892371545652,713.0854770284216,881.3016619793783
900.4375428833781,781.0909524639096,947.9482404450794
887.6367826202866,773.4804276943123,925.663222592865
883.7363158270724,747.4004988875124,920.3543057527681
892.51985355333,755.1892989493745,931.6663015801917
1015.690984302447,912.9277365609515,1044.6985073303385
900.1772754355358,793.8125611766538,934.8646326873546
903.2396491029087,799.6701564819431,939.8452733802955
972.2714395130794,858.0419999178274,993.9341063331543
932.8758781001192,833.1591140738515,967.9419840475488
833.493860307826,709.7174406440406,879.0009662904672
1008.1974853694351,911.0899111001773,1007.810097778593
939.2590724661543,841.8378580676498,962.3365154324174
953.0089814130389,841.1280382521928,990.6176627740117
877.1842709927182,742.7869691359165,924.7024297712838
902.3928836280525,775.2144783068965,951.3823028550885
890.1853027852717,763.8630794109052,948.2902894190405
1021.6559058431229,925.7389402487113,1040.8191900177958
1022.8074819067667,936.0446097086556,1042.0838062694716
911.9501255434096,789.6520303111249,956.3675859941196
883.4696766207193,761.5677213335168,931.3645631747352
918.6056565709198,814.3826006779598,948.501303919925
885.883677957305,755.7475718451208,940.8621534034245
1071.8716444470742,986.3468329188078,1099.1723831783595
834.3392307594685,707.6139631051936,882.7861662771493
901.5201522296255,781.0321454090149,942.2070159127222
926.000339851903,811.4983287655879,951.0253585849056
888.3044360810399,759.2338785878599,956.0041237811051
1002.0139135153483,898.1265178157778,1029.4298232007
850.2511252015264,716.6426361258887,895.2494780975615
969.2717475829197,849.6633830478889,1016.1742189556068
1048.275158341054,965.3586556462672,1029.2922588586741
934.9160460000294,833.125155240517,954.0854290697398
914.3165314409812,793.8981844742807,956.5450807391267
1020.751969187706,925.4303513374695,1032.5082600231292
871.1315321490363,732.632502981697,925.1355047867171
887.4161666988873,782.0982278167018,905.6335200291336
961.6897881191866,841.327081579988,994.064195697983
1025.3434183744625,940.2999880622823,1020.3222866134876
1036.7752316533063,956.4319260941323,1033.0932959101528
946.656642949169,847.0728155433932,960.6021623441644
923.1472226785196,803.9900743225647,954.6065499279962
920.4137187833855,802.7656797718024,961.3556174919433
1052.6307054204872,970.2825595864258,1080.77050344417
1023.2803192700105,938.252298588243,1015.2787864591808
1046.2945989030256,958.9688071279131,1044.5653963592586
1075.473062358975,1020.5931613712191,1059.579219029385
1007.6250938947037,905.2410558406887,1005.5954301943233
971.8987044323962,863.5488814543384,1002.7805430457947
1000.6335470077555,913.2168886633642,998.7958148303492
1006.9925946128185,906.5900384809546,1050.1282705850324
877.4578423935875,757.2907496391751,931.3645631747352
966.383048320229,874.7002907382995,969.8986298355702
926.9033914895504,822.1709019026268,939.5034450480822
1010.719181097138,913.7423671798836,1028.4247887353824
1010.1034285376704,925.2677414953235,1011.2860505493
922.7801246809571,802.7656797718024,954.6065499279962
1037.2577652117327,928.9662098613637,1083.1338333062863
886.8280937292011,752.0375618056105,922.8760754754107
994.93473328239,903.9935584073696,999.3439294388456
1070.4598673457292,1000.1503212116523,1080.695931207584
935.0716689769694,816.4426749630429,988.1981781064239
927.8067023230188,827.1202439065108,943.7224964201143
853.2284624909088,745.9028309806004,887.4350545045567
971.2238749566081,858.0779539088446,1004.7053144218619
839.3735155528351,732.9258678317829,873.4448673495582
881.9250753200376,760.8260348557089,915.1472634753409
927.524169776797,816.2017516757887,942.3563698097817
907.3770195779922,804.5356135082508,938.7736952854476
945.2247027311482,831.7854043363102,967.3786097882027
903.2396491029087,791.6541002849518,943.3152704180848
891.7346939374967,759.8381092877321,948.6867755194979
1028.2450482421618,946.424111579055,1021.2889027378628
927.1536891578206,811.2643654024233,942.1817398803589
911.1867419618773,806.7766685698604,931.927309637713
886.2957620272501,766.0453021859124,918.0012624633771
955.5447235786445,864.3385714008512,959.9685338838666
1001.6736606571519,918.3176648994744,994.6051144746508
916.0022345835607,824.0115559826558,913.6895745772571
861.6647212585469,771.6400838223606,858.6557857540452
881.1915553578782,765.7003738612116,896.3928373287557
969.0948709015312,949.4487631038193,989.9326862417687
788.0080843531238,658.5539716577996,863.7815142547142
769.5486534411168,642.9881958579391,849.8215296600821
791.5181743399709,665.2547831626725,886.2485239462148
787.9877689998085,661.0267781693145,863.2332318455407
979.6100571451659,857.0676907793784,1023.9679472607593
856.5789338012524,742.0932716587572,937.5407937976745
802.0321581914069,668.7138634415203,885.519200778229
913.3599604709999,799.9970934198534,977.7022382677015
876.2871352065345,762.8393093080161,944.0317425150948
926.3335770996489,813.9379440998716,945.7387841687796
1049.6444523193597,972.1473686900798,1044.878140769355
902.4011455282264,794.2858664289714,934.3737769146222
968.3539062358983,867.1955719744052,995.625092368615
997.841921041016,897.8500340134632,1014.1247966612316
1034.7361090052725,956.4319260941323,1031.548607019023
1125.2082975504477,1061.245083982019,1127.598955599187
987.4426344568114,878.2349230984865,1024.1030851028654
781.124119654934,651.4728494314759,864.9458844314114
805.6770934264694,681.0926429427676,897.3972290237333
1043.701097994747,942.7809297627958,1072.210253821386
871.621785851683,766.0190697829667,939.5879471924152
790.3589945012133,663.4233873891214,869.6953155552989
941.4997867124741,819.9822330336538,987.063247071819
876.794368724262,769.6609839851097,942.5905081214541
863.6961466979928,733.953021982606,942.5617606743342
856.6514215115152,720.425132138151,940.8185664399425
839.9040992059763,728.771428410856,917.4134185738341
811.3383404583614,701.3071833474523,896.8464849257878
855.9737703655367,733.3763707719505,953.2717851818398
790.816961843075,659.9013514111688,876.9725430440918
827.1045010117117,702.0602885022829,922.3652590883378
911.5270435082325,799.5397969143052,974.047647349145
921.3573392367308,815.3287726443648,974.7137348570146
781.124119654934,653.4505236407804,864.9458844314114
788.432944559967,660.0245637613671,877.5719350947405
860.1831997742569,741.1998560904121,933.7335751530651
804.0537403462608,667.9122294590245,892.1650791107583
899.7265992391934,796.3754734398581,939.8576698367659
918.8494440350746,807.4332788238519,957.4447383328081
863.2759467611705,737.1003559086845,909.2662681332389
940.3977629370443,837.080600785232,949.7004727192618
1009.513613223505,906.6325978559283,1007.810097778593
993.7792473806057,913.2168886633642,998.8019396653425
900.0097540534157,797.1120250096151,936.5335654986823
984.437077914671,906.5269485288366,987.0428103291927
940.7830275492206,837.080600785232,954.8156736810538
974.706318170933,899.4441006129817,968.308752068441
979.4840146132001,894.843281502653,1018.309781870789
966.5106977325768,875.5846796443283,986.897610543414
1076.5043708085727,1016.561476927289,1050.7906047071303
923.883100132938,821.3339286392423,961.3732457695693
789.9109220307856,671.5230545089805,854.9148334311521
767.5440272249023,641.0466459248594,827.8947974126709
991.3914021716968,898.234798380361,1023.805447775688
876.0681878691779,761.0234810973775,959.3042507519699
942.7076402676358,838.34833043203,979.3785147552151
902.6602783965008,796.994950811131,958.9509973153135
1038.1408746954837,961.7903833299063,1074.849709733674
849.6723589336459,723.3701509001006,921.455643297483
772.4303222062579,646.6613065888198,843.3236687713862
939.4938667955262,833.8020757591694,979.3785147552151
890.3727970643649,772.4199558876696,958.1046622231999
868.9164447265305,740.452566838174,925.5592582883008
1004.96672715296,909.1786208029042,1038.6690514039647
921.3339445570359,813.222949967096,992.0495218643923
939.0695286146279,826.4435505088721,990.9421432929951
902.8754911651381,794.775368823129,957.4414561647018
874.9060321790034,763.0092148548802,942.3600520157828
868.9164447265305,740.452566838174,928.674773724813
812.7722885397677,684.738327444009,878.168778114869
835.4779225956664,704.9582432987065,899.2528119332097
922.2946188938573,814.6100009765861,973.2047637858011
838.3899336290831,721.347781266314,897.9792030471525
977.7839391698946,892.6921415364618,1015.298839462557
786.0917413022859,704.8682904645952,856.1266706586808
868.9164447265305,750.965461287317,939.8399075135145
876.0681878691779,755.2424329816587,953.1301972018807
844.3461511866274,716.4033675810343,908.7641126620773
902.6602783965008,789.0371887398741,955.4237417172783
878.7437219176808,756.059566847002,941.7241647009411
962.9825414282068,865.0592838100213,996.151690848348
1088.4300192313353,1037.9659312296556,1110.8488493566276
820.6917861948191,696.5291718461822,890.409212724787
847.123003509141,718.9484253960254,908.2524730285393
845.2011989883522,723.9546606796582,926.3564143405674
868.9164447265305,742.475639483245,927.4480183794652
770.8443508146148,647.099989639771,850.6084915937959
840.6807004733556,718.3567271056176,915.8351989491282
968.8782677332987,873.4429449151827,967.4079796249238
899.0844448846034,783.2082582400573,901.3673842137389
823.6957570151021,716.501579307012,850.6950708565445
1047.3859548076025,961.7622766491336,1016.4843204083561
955.0780048585397,876.8504603883016,953.5133600344307
969.390936252936,891.2502690322419,967.2024818428242
854.6216239670615,724.9168737760855,915.2285860925938
1034.9311460012223,938.5993731528795,1053.2354421145078
1037.0818666108025,948.3979482702822,1032.8543762564052
1017.7440323144319,989.8393781598794,974.5560432328125
967.1014417119922,910.3053853425495,942.0745278077424
831.292238876694,697.9452983640612,881.1216452467927
941.8267754629858,865.5113312888183,918.3689361247416
1039.8119930530102,955.6943613505064,1026.6194732440292
1008.7359548813988,913.6861696855586,997.2442249831358
905.9524662840885,812.5330270227666,921.4525518086358
1024.4898261258716,940.5660363917411,1017.2882037444181
969.4643144996672,877.9476805217977,971.3460630247217
838.5892371545652,714.8686095988005,882.4310317770028
904.9390821404502,804.0702268560216,925.5468327881644
919.4266845771709,802.246986687969,943.0326033973554
1002.3442662277548,987.8532526364314,1007.1320810549242
964.5668603742364,864.3673758338731,977.0310054260852
882.2141080075736,794.6073000694081,865.337152423153
943.0352346311881,855.4259847315722,923.5715630979798
995.8702326451609,974.4245801258986,954.9141190335462
928.0959639239956,801.2694674266147,961.7025534677238
852.4691649519026,716.6426361258887,900.9390825723258
1023.8395100719857,934.2403382841079,1013.122721955773
1023.1906714014983,926.2899443309663,1046.7775402073219
1043.3859882711852,983.499580451548,1037.7810821442465
916.0009022801036,793.7100768239997,982.3406208236303
924.2414867859038,794.4472610701978,971.2235175049054
927.1129338205053,853.2189232767971,918.1750616525911
949.9515302266817,892.2992347638498,929.7834684955062
1024.5836439741586,967.3368125797865,1007.7336133996621
944.1053071521643,854.287006563387,913.6809217781844
865.5842109660467,735.8390370865781,928.349355735447
901.3570156144671,787.7233103814145,901.3042712392574
856.5614724731448,732.6622932439764,927.1320378211631
945.7677156689952,835.5407522693995,971.9743510791351
810.3946306137747,684.738327444009,877.8144729881836
963.9808136078678,873.9980769154653,983.8531920453028
1011.8568682791649,916.2238977359509,1002.5933652398514
1051.7158744183535,973.5185018766764,1034.6305282967112
965.6971714687643,884.919991423034,961.3900200731575
1011.7427468323497,936.3165561868944,988.361472598284
930.5341858976428,822.9973446452234,966.3668375943031
909.6264705749628,811.6705261010361,921.4525518086358
897.4081871467413,795.1931070492933,928.3303187104012
808.5266569981105,678.9268199248934,873.9005763495637
848.2278779403629,720.3285197130774,885.6146456959241
821.8818028515967,724.0598085636022,852.4877896196057
838.7017373143436,727.699042378551,896.4449701572399
938.144809759882,821.3063839271067,983.1555601361698
1007.6250938947037,920.0334381791549,1030.125960264063
820.4637321302816,695.6625309774512,870.5720503956229
911.136991176007,787.2100857665334,960.4116765332238
826.6324126313439,706.6671250676711,879.410308468061
918.6056565709198,806.0924777180383,942.3690351050681
878.043889159956,747.4004988875124,923.801092415302
862.0577521233895,732.7806036030548,914.2625602275828
951.2415058382339,829.8734648847711,992.8557518411716
858.0846898935598,729.9453701762778,908.9275205243316
810.589779342024,688.83644537487,866.211745611048
803.8788490361087,672.1190444314602,860.9521900232148
871.5759001967402,748.7292845491014,937.6756086514598
1017.4580500356662,944.532778005605,1049.019933347824
1007.7200427339473,926.7121473909467,1054.732351216537
867.2534343509171,738.7599872725673,923.1872308739233
1120.3047321255829,1058.1425640713032,1108.371400958443
1002.795491557232,904.905235671477,1007.810097778593
901.1956289621331,802.4458222096547,933.661237829596
996.1121581596584,895.7861770611537,1014.3563881094035
1021.641711644671,926.3715707016978,1039.438896239107
1034.290786870641,943.7757448471879,1024.076281751328
967.9938786054637,873.8233911664389,987.2679544145649
975.2894173579148,887.8100065289519,1008.6092240135176
965.7366583155508,869.941498459928,977.6572304445081
957.4967734762309,864.109699296428,963.6598294270954
964.6626230706875,868.8532278994184,1007.4010986491605
926.1943382437388,804.9483244289055,944.99290139286
973.5631749654913,878.2877900871223,1014.5675742030436
955.186295255735,843.4329134834146,984.0229883127618
920.780816780948,803.5007058401073,954.4290551829891
965.5652477417393,841.4412086052467,1002.0308391236761
896.4043034340447,777.4826581177897,951.7452209116591
897.4863775750053,773.6044827266237,954.2937594216417
1002.4625554368114,911.9330826847228,998.8019396653425
973.8437475466424,860.8043210329962,990.4832863225375
1049.2789763368542,972.8112005756778,1050.6850827850299
925.824647933704,823.6335140567147,950.8171028742456
981.8769981494169,891.355202211707,991.3857037610877
937.5678997287554,846.3035381535136,950.4608481024651
892.8869515508925,775.196093611981,935.2791129081074
981.8769981494169,891.355202211707,988.2073492323603
916.3171536912467,800.5260715086413,942.5812830359733
968.809071126412,850.8664407146781,998.1262729962434
941.9447867616954,831.8442113912049,968.7664998020925
1047.3757286415407,965.2998485913724,1025.3103442476213
1003.8840245493708,932.188373712829,989.3881673040672
968.4915065534225,877.3625770027636,977.602111843616
816.0966766287366,696.6974796550795,861.2309899927052
787.4880954809978,659.2233174829422,843.5046222884167
978.4857868776311,906.0794427530977,967.0439482654895
979.3890958899432,912.5495408920775,965.0874936131835
823.5645291602016,707.6178456661661,859.0954916950618
968.5648848001538,880.2006881761894,975.3381687246031
906.5236548533184,799.8036005696671,917.4983582025316
810.2847508086857,685.8503835413807,868.5178967611506
935.4853875358444,863.7762184605582,916.3753119336833
951.9195454976816,896.65096732824,940.1441684620187
984.8545868334544,938.9744829592212,958.9343774262635
856.9314954302577,739.8540954648146,867.9365253469521
932.2291814820882,822.9622325096234,947.3363615057926
885.8737710298612,763.8180035166043,944.2402873579761
953.0342486701655,857.7504197194274,962.2016978786255
787.937564786702,666.6481313187269,860.7641112920583
853.6577205167725,730.8564641477235,912.5629054417417
948.1704851725087,839.7653256201554,968.3057026709812
774.9982593468653,649.7592734866979,845.7334620335882
974.4253196087607,860.8662302211376,986.1423366588797
911.5470724907212,829.9107091790249,888.3039402050464
1077.630226748786,1006.8910515183037,1077.610677463204
950.3781343862153,875.7285082854451,957.6693537039012
874.581385504215,765.985420102355,879.0905080411175
877.6456559669282,745.1192035832556,917.5210035879035
911.365631581138,780.4418316817695,952.7362236009258
977.026978438117,880.1474680361813,1000.0709209698646
925.0456892319488,802.7656797718024,970.190858661629
895.9220725691863,764.9253387252811,941.4210600631809
824.7974301090087,702.1134462826697,872.7909591658168
886.3366208605319,762.0410265858344,945.4670427033238
1003.8840245493708,932.188373712829,986.2726851596474
953.6191758468535,865.4500415551389,989.7494546013941
895.1943998423629,767.3984661001374,937.1522217968866
948.5365440510167,828.9036708767998,979.6129794326872
896.4043034340447,778.5691552794793,951.7452209116591
864.727119901136,726.4587197024022,908.2005855420766
910.8564768680284,779.81899903149,951.0125986343107
839.1994725673607,717.3817402642131,864.52404805925
805.7793999321482,686.2220725759087,858.2804914511369
991.6339463950236,883.3519094302146,1025.473444367237
932.6662760577784,826.5240792836388,964.341526899491
865.4857331791801,737.9394194915884,929.6768747189124
903.0361416915763,799.898980161939,979.5545067651273
953.3393851031204,841.1280382521928,990.5800094166066
956.1445088497281,827.7590101167415,1006.2663508416647
825.0869782288873,692.3094617852189,892.3608690130029
866.9647999744046,742.614348816612,947.1736606508604
936.8245097806421,846.4562407645896,950.7027022351671
794.4314285955114,670.9714550812163,857.0809469941967
904.5385015407514,798.9237126372637,972.056275229029
818.3042366928321,691.5996863763711,867.2710549183149
834.1388173528461,703.2197929562262,881.0756505559713
951.3825627321602,858.3357505364912,1004.0028026733935
918.2997901206226,809.5631549351326,938.3173595416667
919.2893180657477,812.8321922219784,984.6975306829859
903.7157568100594,791.1184766541179,960.1920067032898
794.347298959648,666.9055584343266,852.9309694241094
972.9026339517992,886.6350622922338,982.3048846807101
876.432068018251,758.7332260586127,931.9936842713483
951.4804354124238,831.7401130611211,967.3786097882027
1011.0129514463972,908.1561041290487,1051.3218095514383
931.8774510246415,850.2703812806109,942.2077370981194
787.6039076753383,662.909844615935,854.5102329758201
924.5382027515694,809.3973233633983,957.1561420321038
1000.0041477527731,901.7076407645509,1028.1888138127235
983.8831069441064,888.9574569837887,1021.7622172172373
883.8267010002944,754.9182050409597,921.9689746368612
888.5644857050694,758.5080296475103,924.5889784135147
903.5209849767024,824.5580728208201,876.884547661152
973.1317509663121,865.6895913296302,999.6134272369308
1033.4533705049766,1022.3560824424957,1005.0465041499109
947.6122405576452,856.3036226121694,986.6104730164799
820.0105875048772,692.271385634244,891.664094588883
808.2497215428007,686.4001788958548,868.2764377325127
949.7102689668736,849.3310441518561,1000.4470775691964
908.5474753232737,796.3916892156262,961.862755561771
906.2294707983979,793.6317482598082,986.7857363546798
1049.4600640758356,973.0458252596059,1059.7860167926367
847.1245563254228,723.3025670242708,886.5084837899273
903.9436138718571,791.9311661750173,955.1136879978238
786.8935108120655,656.2034713277935,852.7827471456952
906.2294707983979,789.0334056636837,976.8089742801991
842.4976856346727,717.2264099664645,921.923822637176
839.7599531548368,707.439091099187,902.801713452907
808.953107811268,683.0457478784023,878.168778114869
920.4137187833855,802.5206494215375,949.6607901969776
787.5901401729114,669.4921189007175,856.2062885375738
913.5736567101951,813.7186670625517,890.511902671719
973.5871478055147,892.706313576345,972.1028858444733
1012.7536800935989,921.2299001210046,996.9689898148406
927.4684188517951,855.5388675397835,901.916876533825
974.3925779714702,928.7179852376202,940.3438957042222
927.6057281778277,808.0423684755314,956.2772987864773
835.3277032624944,732.8956720774066,839.9761001035989
847.560368137094,730.8811520716617,877.9318057034798
878.8803698510519,767.8621431366751,905.2488302012587
842.875194263432,741.721704651065,874.4760764338325
848.3886864215984,743.7912829493384,877.4313047852584
1094.4566819032582,1032.7058652428757,1079.5535285245787
887.5326615625421,782.4241123943384,883.4901384375257
867.2504168585054,758.2260028745909,903.7342776155201
887.9407101940687,764.4967908343624,947.4839690703593
856.0749241309845,729.9453701762778,908.9275205243316
829.3894431422912,704.7699629843477,888.2659421726269
1003.3735751604529,898.234798380361,1023.805447775688
1028.9841523135149,929.5285540937948,1052.5373107095586
933.4983583646871,850.2703812806109,938.2551917112546
845.3636510530742,717.3146528853134,908.7641126620773
832.9897870845242,703.1609131353798,904.2221424846239
871.3636133232169,745.0883107373085,919.2369749606604
953.8774223762304,878.7661916244566,951.5531410952515
821.4682787960973,695.9793764917081,889.0709038271824
822.7105075927411,696.6995628348988,874.3726779300499
881.7803082394106,761.5677213335168,931.3645631747352
865.1923185335485,737.8043961970619,910.3540713605199
1086.4971606854474,1003.9591382202537,1109.0119955800026
807.309712695082,696.9402429370402,836.2272557851347
942.626585361172,824.5491702786971,969.3579249721466
1038.0401373353252,957.7390683393481,1026.081435512421
921.3854977800011,797.910105942225,951.8559993894081
873.3305626711648,741.0090742613178,909.5527070594559
853.4110866108234,717.3490656332001,896.3608646443724
927.1895197763604,808.3207069942258,956.5873525059318
978.7741004099546,893.8425369705551,974.942101886144
840.4755028578751,714.0323150659441,886.060957007344
996.9236692218021,912.1733727072414,1051.0538014902208
935.4839203569724,837.2081784317661,954.1223113260658
884.1937989978569,757.8109275585787,923.7774128313926
954.7187988274308,833.7843016102449,985.3566865177014
885.0535099758117,763.285891209392,938.0772387367779
969.7854038672473,886.2103378449576,979.4713369066786
922.6590399251987,811.0953749918755,956.5873525059318
919.8571322815252,796.411456079971,969.1252321888014
863.2759467611705,735.5370880978111,907.4884505094136
950.2355915676477,841.0692311972981,985.1979403321479
956.7239881489987,852.8705129723905,960.3614651218596
996.0110002886963,895.2016672815961,1011.4222986825555
963.6674306747229,868.2282008665593,977.6191864557057
1075.647281908812,989.1033639341265,1074.2038445309363
992.0096416218348,883.716360384841,1011.7345121064335
901.6938672331806,796.7887425730771,939.400716764344
933.0166573281462,826.3449090367764,954.0694819291422
1006.4089402514899,918.8303333668015,1021.0173724221104
942.4443638853044,847.4907099427127,959.5242966978063
986.9608740170513,911.5198322984926,978.7440154239546
947.8750547783525,830.0481741201628,995.6198080464708
882.5895785812351,769.1623653664052,938.0772387367779
853.3769735487339,728.2107774776218,902.2908254434085
780.05501211913,645.9059868465215,864.2165612634255
1060.683268178048,968.7057067506697,1086.7478152254102
924.7302450900154,828.2577936634372,935.0718025407896
859.8450212446828,729.888531590609,949.1727788855519
840.918895131943,717.4147189552168,923.5748892249923
835.0600514247927,700.9308548854102,936.3312402801894
928.8737902275358,797.8276382951373,990.1155410650251
932.7814876557037,815.9756169401861,991.6116773511462
857.9013941497931,725.6180675269277,934.9329870243882
904.2935051170606,788.2510992073983,966.1550084959857
868.308060859366,726.4726989053117,936.4888019320249
820.7635051415366,696.6624537118126,914.3685469859471
932.8172298477872,809.3273956985801,980.0731496471577
874.1945408108719,745.1805726723924,960.4024749255526
757.4636142169315,628.9319135297193,852.0524248294493
920.5885452484405,773.7387761039067,998.6475854033343
796.1167541693555,652.7343508048242,887.4294927558129
800.7372503146324,664.7832097175827,891.8689306131178
828.7174159519147,699.4175065176665,924.3451198905317
855.5309525757875,721.3467733737674,943.5954435218342
802.2793020417072,674.4842269873835,900.423245829393
857.811287359074,724.6956385765128,941.8103605423474
800.9079217715347,672.5701981400024,904.6729407309174
813.8042689267659,682.4680041888269,915.517358021494
753.5024912401534,628.9306077981173,853.2834212724835
867.6784799209231,737.6622234133994,946.9409734235522
1002.935557579778,890.3917909719146,1045.8006872022968
815.4458310788465,680.3960345316602,904.5717293575397
816.7768145216533,682.0691470660422,918.128897889467
752.0352945510404,615.0002493684276,837.0049325048095
881.8837058831305,743.2576522575573,987.3994716575877
981.6647335878855,893.8575202063184,973.4215073066159
970.7026463200754,885.6687791615643,949.9879979858954
878.7021309810366,783.4987240136176,896.2581864472729
960.3176395228713,858.7630436909993,951.764374050274
828.2747523247668,709.264110369599,880.1171237380714
1000.1246098359186,899.593335966139,1013.7374466073743
956.8407858519323,858.9695569906678,939.7012820316987
900.741383420924,794.9432137153868,914.8114593284107
921.0769751297167,812.6087272803888,969.3602198564822
936.6652799719409,840.9365394851083,876.0023709996373
869.0400532980454,760.0757845626921,901.3615015996002
962.7766132437877,857.4482057076474,991.6999027345677
859.4670511112045,720.6883647542971,959.2943405343907
882.6984160659464,764.8304212179147,956.380175560402
950.4302711225706,869.6467807393919,919.6565538655391
854.645497395636,755.2835603778005,914.1015863770051
959.8020409536721,876.8822915812663,941.4070360840226
1006.1143219055972,897.5809870862928,997.3873622380721
872.970289298323,782.5504361183205,896.7262889216032
1025.8015919257123,944.2062098222176,943.1069388145008
903.9264293571781,779.0694499348804,984.0984928983547
811.2210213991053,685.2373261772418,910.3559891033788
965.727073813607,893.5886015830284,949.5720936877996
846.8033114576011,724.0777589576778,930.5622965376836
949.3386363479799,862.9109341788007,934.922866544383
875.9478657839976,765.3859774560833,916.1115867452177
1006.6113335792995,910.8164356343888,987.0127281396565
881.9040266979059,754.7753446194192,931.4954536498848
849.8101703185326,745.659169864413,879.2079999843494
990.7220048484013,887.8925137826188,982.9905417666705
959.6078552786935,880.0175566177655,942.1386965385857
937.8269293947649,849.5279606411632,937.7821920133858
793.7359789136483,654.4635933542336,888.8356250158197
887.3493005618544,795.4146886089196,880.0363974313314
927.8847807769213,825.9463562687386,949.85202312571
901.5027098181289,784.9806394598498,939.7287656924785
937.3548580906659,844.1560114097736,883.5441216185059
884.6669738743077,776.6550491891338,938.0194909370244
808.8568190105406,686.7561294593864,905.3384188862261
791.1702241691902,657.5338182920383,876.0840775070486
930.2043031518472,832.1869032621439,946.0551125762911
856.3794498126356,720.9593859802974,940.1679197240823
953.7947048515609,876.4208547575904,942.1386965385857
757.8074910025362,624.2090908903679,860.0904847827229
908.4149628681871,795.3075497483541,962.1321409280133
826.198131796852,713.9099313647818,896.6639329185778
764.5722015793565,650.3103830621532,836.0478321375598
827.5419660698243,714.1143308015551,884.5815968749002
952.7875763961247,860.1410912683149,971.2227928468782
991.0066908875732,917.1489288671638,972.4092717938071
861.2544261128002,764.563889895045,873.4972651522227
1131.3821302304639,1020.0284824452458,1092.836623772785
823.7903496077073,713.0800338345506,903.5337106158337
836.9282013702241,707.3032593211325,926.9473085809439
800.8126574764035,669.9832528308092,893.995849050243
894.4443524181208,780.5630183351896,933.9677701087837
1012.6216122537126,922.7940038180232,970.531346148753
880.2305866662896,747.2118317349616,968.1973263520067
784.566448940482,646.3308881067303,889.593908483931
914.8695538232031,798.5292393256436,918.4236451534089
968.3268170157838,878.2220057275644,950.9435141141219
954.292851107644,832.7307383646124,1001.6930482616237
796.8271510326283,665.0451016278889,896.4857804765234
800.9568675431344,673.9015980306202,892.806625901319
967.2613404912942,838.3694132173079,1010.8666802903882
778.6916983264207,656.9195796835362,871.8606254935994
847.9627594790798,723.8623778453672,928.450719029714
843.1369611788934,715.7317894671725,935.7996093839357
829.0317765979089,718.0449728553646,855.1616109959881
780.3226111518762,650.8067048806795,872.5523679626342
802.6884505256892,671.6470780964065,889.1293375725064
900.2361975720584,793.4763138030451,981.152602908298
699.1912724026712,584.4554684319509,806.8886452885652
949.355048682913,849.1858868272487,960.6520380093214
824.5621222198748,686.1193857524238,919.7630527224354
936.99363113114,818.380690228608,1004.3928766225988
815.9651151097264,690.0118308379151,909.660270232905
829.3240527132641,720.5605542386793,913.1663961277121
869.4140488646376,759.8631497623254,928.4694166570372
894.2620341331996,777.1020039271682,951.9872431747217
888.7682573544531,751.2189393517517,950.4967757185786
774.5761898826901,639.8325689463527,882.821251987802
886.1452439305144,755.6351880431057,973.3914353478772
792.2975734408558,651.9259290685656,886.7364622753905
836.1945814261657,700.0395899403916,931.0939274339372
843.5623992725343,732.0229844602843,920.4273028469154
864.6000962317297,734.2377996661127,945.4997390299116
918.2651723013473,809.7267156855229,970.1000624912265
834.7394379313162,726.6052844679671,908.7425346579641
839.683771523555,723.3271048201997,917.273299366343
951.4752052780129,831.6151797551857,1010.5185896553478
782.8847215652987,660.3958617288395,874.4417159037508
967.5678306301003,857.8201431882906,1002.5387941602373
1018.1846303434182,923.940101597155,1052.409120005634
823.4925828734241,714.1143308015551,891.1466701390865
964.167206347921,845.8198598602349,1000.2036293622613
831.2203927716629,700.3518524828025,923.1865069019008
846.1795966066411,733.1716683054744,919.2080117157279
864.1160593916895,757.5507792801922,920.3793421626646
885.4671813312065,753.0507959143707,973.3914353478772
882.6984160659464,760.813814185881,956.380175560402
804.7271025000344,675.7779494302056,901.1525689973788
856.21183580369,726.2007391766969,943.6495639016152
877.4005962186515,764.7846151398176,948.1497182357097
826.5165399886647,710.6734654421531,899.3525083797201
896.2168437859267,763.0940591881556,964.6099744735382
759.6254105659214,652.1555856777587,837.0956616723174
806.1918983570106,684.620240137286,897.8555912142127
734.7283094746308,618.2941630109553,832.4105459842984
969.0186537850744,867.8202513276573,967.3416970603532
830.4123766514663,723.2311217757172,900.9669613020973
836.6910763671027,705.6823751355329,938.0948590630644
871.9163986597811,732.9862261385647,964.2110461893111
906.5779394827778,785.196896263664,969.1694834827684
910.4939551524985,794.6372178276632,968.9790943114965
791.6267548100835,665.7768526356555,878.7611582436646
805.5581338898292,675.56871852563,887.3971026814047
870.4044122661193,750.0131697141054,948.8445324475207
846.8033114576011,720.1980865232404,932.211292121333
789.578206816588,661.3431894066716,865.4542179616034
961.9798405098431,850.1909669734516,999.3678057095092
1043.8124252860464,961.0611527099572,1000.452843515982
799.9044582834797,663.5458992829607,888.6997990828793
828.3687314248222,709.9706764430039,904.8413782557903
1052.155899323832,987.1942876303638,1012.0313082264641
928.0320825430783,823.214009321804,938.780546694545
917.8541170792391,813.3256557074681,967.5248601462205
871.234026184642,747.553962252477,948.4644605510665
910.2739197150166,820.7685242187706,918.5665406368927
924.6127297911158,818.0047185682511,926.4482821530755
1048.3197778213437,958.4155954549791,1005.3588589172501
933.8974567770532,835.77486580266,925.1851183748629
891.4861107333129,784.8089935026958,908.8462789846611
948.0985449103157,845.164183235608,941.3264239158575
924.6872167822553,810.5572078656279,883.417963593115
984.0012396473219,921.6925038505981,946.412267123171
846.4362134600386,721.3635110893234,925.5249549325356
954.7198581169986,856.2632610676483,967.8334741719484
917.6167165861316,812.1955465254775,961.4616481133562
867.6700877588711,725.997226316791,967.8840089666381
892.9808700103675,782.5504361183205,906.5487887866594
895.1478958591049,775.0339993272349,933.1647264896139
993.0958892245656,903.3439960988037,1008.3039276962227
835.8873061185567,703.9086351724329,932.4546051136398
909.3290916872809,792.471006521821,973.4365320959149
995.5462044288802,886.9203495002541,1008.7595217699717
832.7148079567689,723.1644191085651,904.9018507546521
878.9004379549667,773.1360719944889,946.4723274768675
826.102637668248,696.6148601281136,915.3761541743736
839.59141102019,719.1745429055646,911.7084060141245
875.479515390913,741.6774880954639,957.1391633150063
905.2856644142599,796.2304469232641,977.4055453289376
948.9565831895417,835.8667918944291,970.5437273430076
869.99270458129,747.553962252477,951.3320610190557
786.7272399289425,662.5617226476725,870.7510404449803
820.2416781851518,691.2978740854044,908.494816557529
863.6961466979928,747.6296807355986,949.5633430217964
957.6679208439186,831.6384475904299,1005.0786757725443
834.0523235962215,699.6992649597615,919.1870832927992
968.4738157218694,843.8973375441909,1016.1718290114815
847.737904941554,707.2890888151062,941.998501714879
837.0840083065465,706.3213197722974,924.0568019865848
808.7850966540724,684.0466944669441,908.878470053606
928.2720386557289,800.0838880328185,991.2117814386864
813.7936157066122,680.7754246232201,916.9460593120774
830.058309327759,694.0200951024258,924.4680941356577
1075.7612450257666,967.0853612836008,1095.385954515896
948.5703374121199,824.0640205371042,1013.7413663899074
830.2492265649345,692.709952675362,927.4789394771975
845.5395282751022,713.2751605753992,932.4546051136398
810.6252941245364,675.3753409415218,902.9405465317112
844.5714108315013,721.952889097238,926.409582675422
834.1678307827315,710.5831862395551,916.3926087524327
776.431019480209,641.7243576458793,869.6114812849873
878.1068621664189,744.7817155496077,962.6893593874121
759.578182467154,628.9319135297193,856.304595251386
875.594279907499,745.1805726723924,956.6842664703498
783.2219950622123,649.0078998897346,888.8356250158197
842.0235782169633,710.3269871331834,932.4546051136398
808.1863280282712,690.7476729269513,872.9643911469312
831.925465871462,732.13496306852,898.8279677759431
907.4950574302985,794.9432137153868,914.0941914243291
1027.4140207461778,891.483554247872,1016.7197541482187
996.4682441827536,920.8652634313163,970.531346148753
927.0718781107862,796.0751430767208,987.5869476973198
872.9943802659292,737.2126618269879,962.6893593874121
872.9501389442357,743.5024395000897,935.7378763275614
809.9850881982661,680.3765675004355,913.9506062958819
932.9564084329512,800.6213977495814,980.8532810895515
778.3837550403723,645.9781743533684,878.3191805578653
828.9151804110777,699.4175065176665,922.8984460714901
850.3119816165522,713.4660938802803,928.4064707258345
854.1408433641859,723.0042220678383,957.6338274794357
909.9109718774129,807.4172925705449,914.1981489408192
812.4791497455299,680.7754246232201,916.9460593120774
981.2937743244778,860.05702925134,1039.7568986215256
928.2720386557289,804.9066272940945,990.5949826895962
994.2849801571825,905.9478012529615,974.5072124990189
809.7833249561355,694.9025656550216,856.4155952391836
839.2438323865455,723.4371966777057,910.7157067666152
979.4386610255614,907.7032776713811,944.5450555576448
948.3205583689786,855.4686499945352,938.6089235855799
819.8008649664197,706.9134495762222,878.7050359615756
953.5830967515267,863.4822883660414,939.7012820316987
897.1251316786991,798.4223411679995,917.4822232770174
846.2713936502769,725.9106784817444,855.0599554443073
991.6110698623901,912.6688015103302,924.4745378473428
950.9831660931839,851.4076635606659,939.7012820316987
927.6178154733472,821.9906947127292,913.851578235558
856.0434658229112,751.158965982145,918.4271168734016
787.5989320518245,651.9335698462369,880.1705393541519
875.5152575829965,747.553962252477,949.7631673620087
828.9005572717726,713.9099313647818,898.1165842858001
998.5504872211264,904.9780984822504,980.844491510846
874.562409611979,768.432047608699,930.2561571625802
787.7663878037612,657.6858587205253,884.6350124909807
809.753504195477,686.5506426772424,905.0951058939194
829.0637155752858,709.264110369599,885.8125933179344
874.3569258533607,747.9094583962069,938.0220922910245
923.0342980500418,829.9304626284039,927.9053282790438
829.330684821108,690.224649917895,917.1344444699974
900.388347897329,796.8281211644704,927.3417987685572
842.0738750990369,735.0088168818447,909.9196976084935
834.2328129564501,698.0382545356982,937.9051542397212
806.4859652300437,707.6477121312466,858.85245524311
974.7346496767481,860.2385184899406,996.418211946483
883.5660319525076,777.499847622948,952.2818824875613
835.6106711252153,718.8260950196493,885.8125933179344
827.4200123262916,724.5938394088396,888.8847052393295
846.7480375357152,718.3131955129539,926.4612984052648
774.4182053663217,646.0212675823645,853.284944087743
806.7263156954991,694.1885382863533,872.9643911469312
823.8891679967288,710.6734654421531,896.151615404471
872.8456515301656,734.5823440087751,941.5220426384005
940.2563313272872,817.7918454399963,983.2430944141138
829.7767935308053,719.3913992935305,907.8485412519186
780.05501211913,645.5071297237369,864.9458844314114
841.1932017753193,737.3538201859801,914.605082122735
944.4082094654566,847.6954241411307,980.8471705733665
868.662002950603,754.465032983413,949.4284370873061
901.9648482776962,790.2934542487959,983.8449558381383
775.3013923516692,655.6651322484241,846.3119249103191
820.9341327162388,709.5769098344185,895.992729700439
844.835673768444,702.3411551612495,954.343523888405
879.1963729276208,767.4441041765368,954.6893931067234
821.6298402431128,704.4762244996447,916.3711162788695
788.9488015037336,660.9617850075151,876.8035841323075
835.4603168454514,710.5018633420401,921.3633142784882
870.7639367771027,750.0131697141054,941.2787296460938
833.0403602273399,712.0929924972769,915.0687527272529
876.0747389376957,751.6538507286966,944.2812905751327
865.9396263468907,752.288362282229,949.5633430217964
862.7629176132659,756.3441725676805,930.8994074789205
838.3303990693228,732.13496306852,892.051003658082
